USGS_ID,Lat,Lon,region,D_5,D_10,D_20,D_50,D_100,S_5,S_10,S_20,S_50,S_100
9485450,32.220632,-110.829531,9-Southwest,,,,,,,,,,
9333500,38.094153,-110.407364,9-Southwest,,,,,,,,,,
9466500,33.185613,-110.22009,9-Southwest,70.0,110.0,152.0,211.0,256.0,1717.0,3017.0,4455.0,6490.0,8101.0
9489500,33.47672,-109.763977,9-Southwest,96.0,164.0,246.0,374.0,486.0,1537.0,2392.0,3325.0,4658.0,5730.0
9444500,33.049508,-109.295905,9-Southwest,79.0,123.0,169.0,232.0,281.0,1199.0,1883.0,2602.0,3586.0,4347.0
9180000,38.797208,-109.195114,9-Southwest,70.0,111.0,156.0,223.0,278.0,1398.0,2432.0,3674.0,5606.0,7269.0
9371010,37.001139,-109.029583,9-Southwest,39.0,59.0,81.0,110.0,132.0,671.0,1051.0,1469.0,2073.0,2565.0
9163500,39.13276,-109.027055,11-California and interior west,242.0,463.0,751.0,1233.0,1673.0,2976.0,5387.0,8093.0,11948.0,15018.0
9368000,36.776667,-108.683056,8-Rocky Mountains,53.0,87.0,124.0,175.0,216.0,714.0,1144.0,1624.0,2327.0,2902.0
10257600,34.011123,-116.628069,11-California and interior west,145.0,243.0,348.0,495.0,610.0,5621.0,10834.0,16999.0,26032.0,33370.0
10258000,33.805019,-116.559182,11-California and interior west,413.0,738.0,1135.0,1765.0,2315.0,6353.0,10664.0,15327.0,21833.0,26934.0
10258500,33.745022,-116.535571,11-California and interior west,161.0,244.0,330.0,447.0,537.0,1959.0,3216.0,4562.0,6424.0,7876.0
10259100,33.749466,-116.42279,11-California and interior west,,,,,,,,,,
10259200,33.631136,-116.392234,9-Southwest,164.0,247.0,333.0,449.0,539.0,2069.0,3559.0,5191.0,7482.0,9282.0
9419700,36.087475,-114.985828,11-California and interior west,,,,,,,,,,
9419753,36.100375,-114.943319,11-California and interior west,,,,,,,,,,
9418500,37.558378,-114.563056,11-California and interior west,155.0,273.0,417.0,645.0,844.0,1150.0,1942.0,2868.0,4270.0,5459.0
9419000,36.643028,-114.539708,11-California and interior west,44.0,69.0,97.0,135.0,165.0,671.0,1016.0,1373.0,1856.0,2226.0
9419507,36.535278,-114.428333,11-California and interior west,,,,,,,,,,
9413900,37.469975,-114.046646,11-California and interior west,,,,,,,,,,
9426620,34.262515,-114.027721,9-Southwest,,,,,,,,,,
9414900,36.901921,-113.933577,11-California and interior west,,,,,,,,,,
9415000,36.891644,-113.92441,11-California and interior west,38.0,65.0,99.0,154.0,203.0,672.0,1045.0,1435.0,1968.0,2383.0
9413700,36.921389,-113.831389,11-California and interior west,,,,,,,,,,
9410100,37.19,-113.768056,11-California and interior west,,,,,,,,,,
9413500,37.014424,-113.680516,11-California and interior west,,,,,,,,,,
9404343,35.384162,-113.657719,9-Southwest,,,,,,,,,,
9404222,35.7999,-113.65535,11-California and interior west,,,,,,,,,,
9409100,37.384701,-113.631905,11-California and interior west,,,,,,,,,,
9424450,34.462517,-113.624377,9-Southwest,83.0,127.0,173.0,235.0,283.0,2301.0,4078.0,6256.0,9710.0,12734.0
9413000,37.075259,-113.593013,11-California and interior west,,,,,,,,,,
9413200,37.07,-113.583889,11-California and interior west,40.0,62.0,84.0,115.0,139.0,643.0,1031.0,1466.0,2103.0,2625.0
9408400,37.383313,-113.483288,11-California and interior west,110.0,185.0,268.0,384.0,476.0,9288.0,22115.0,42188.0,81789.0,122680.0
9408195,37.001649,-113.468841,11-California and interior west,,,,,,,,,,
9424447,34.541684,-113.445205,9-Southwest,,,,,,,,,,
9408150,37.16276,-113.395229,11-California and interior west,36.0,57.0,79.0,109.0,132.0,727.0,1160.0,1622.0,2260.0,2758.0
9408000,37.267482,-113.370784,11-California and interior west,193.0,350.0,526.0,777.0,976.0,4197.0,8463.0,13492.0,20887.0,26845.0
9424900,34.305854,-113.347144,9-Southwest,,,,,,,,,,
9406000,37.204149,-113.180779,11-California and interior west,44.0,68.0,95.0,131.0,160.0,871.0,1413.0,2025.0,2928.0,3676.0
9404900,37.16415,-112.95855,11-California and interior west,,,,,,,,,,
9517490,33.31032,-112.881842,9-Southwest,,,,,,,,,,
9404110,36.219467,-112.6901,11-California and interior west,,,,,,,,,,
9516500,33.885032,-112.66212,9-Southwest,,,,,,,,,,
9502800,34.866687,-112.613231,9-Southwest,,,,,,,,,,
9404450,37.339427,-112.604377,11-California and interior west,30.0,51.0,76.0,118.0,155.0,691.0,1114.0,1592.0,2294.0,2873.0
9403600,37.100541,-112.547983,11-California and interior west,10.0,14.0,19.0,26.0,32.0,594.0,908.0,1247.0,1727.0,2111.0
9502960,34.551969,-112.462391,9-Southwest,,,,,,,,,,
9503000,34.56308,-112.444891,9-Southwest,,,,,,,,,,
9503300,34.613611,-112.417222,9-Southwest,,,,,,,,,,
9503700,34.89502,-112.342947,9-Southwest,92.0,160.0,241.0,369.0,480.0,2998.0,5510.0,8353.0,12421.0,15659.0
9512450,34.485278,-112.2375,9-Southwest,,,,,,,,,,
9512800,34.015589,-112.167938,9-Southwest,174.0,306.0,465.0,715.0,932.0,2509.0,4477.0,6878.0,10656.0,13943.0
9513860,33.729205,-112.119876,9-Southwest,172.0,255.0,340.0,454.0,542.0,1936.0,3469.0,5179.0,7612.0,9537.0
9513780,33.974202,-112.099046,9-Southwest,161.0,243.0,328.0,442.0,531.0,1353.0,2274.0,3270.0,4659.0,5747.0
9504000,34.852242,-112.065994,9-Southwest,98.0,145.0,194.0,260.0,310.0,2422.0,4088.0,5903.0,8447.0,10442.0
9512500,34.315307,-112.064046,9-Southwest,72.0,110.0,150.0,204.0,247.0,1988.0,3205.0,4574.0,6582.0,8231.0
9512280,33.88726,-111.954039,9-Southwest,137.0,218.0,303.0,421.0,512.0,3781.0,6693.0,9927.0,14518.0,18143.0
9504500,34.764464,-111.890989,9-Southwest,40.0,55.0,69.0,88.0,102.0,624.0,1029.0,1498.0,2202.0,2795.0
9506000,34.44836,-111.789871,9-Southwest,,,,,,,,,,
9505350,34.728631,-111.775708,9-Southwest,97.0,146.0,197.0,266.0,319.0,2516.0,4527.0,6772.0,9970.0,12500.0
9505800,34.538636,-111.694036,9-Southwest,45.0,61.0,77.0,97.0,113.0,690.0,1125.0,1623.0,2366.0,2986.0
9508300,34.160868,-111.692924,9-Southwest,90.0,147.0,212.0,309.0,390.0,2462.0,4423.0,6833.0,10648.0,13984.0
9505200,34.674744,-111.672094,9-Southwest,,,,,,,,,,
9511300,33.558656,-111.669304,9-Southwest,67.0,103.0,142.0,195.0,237.0,1313.0,2163.0,3136.0,4588.0,5801.0
9510000,33.808375,-111.663473,9-Southwest,63.0,102.0,146.0,214.0,271.0,760.0,1191.0,1666.0,2349.0,2907.0
9329050,38.627752,-111.647965,8-Rocky Mountains,,,,,,,,,,
9507980,34.276421,-111.638756,9-Southwest,73.0,116.0,161.0,223.0,271.0,2566.0,4386.0,6375.0,9168.0,11372.0
9337000,37.862487,-111.636011,11-California and interior west,314.0,635.0,1077.0,1854.0,2596.0,3638.0,6277.0,9169.0,13244.0,16447.0
9382000,36.87221,-111.594605,11-California and interior west,32.0,47.0,64.0,86.0,103.0,479.0,692.0,912.0,1210.0,1442.0
9502000,33.552823,-111.576524,9-Southwest,,,,,,,,,,
9337500,37.778044,-111.574618,11-California and interior west,41.0,65.0,91.0,127.0,155.0,760.0,1308.0,1960.0,2970.0,3837.0
9510200,33.694211,-111.541802,9-Southwest,206.0,382.0,605.0,972.0,1300.0,3153.0,5111.0,7196.0,10070.0,12318.0
9330000,38.306925,-111.518792,8-Rocky Mountains,48.0,76.0,106.0,148.0,181.0,789.0,1280.0,1835.0,2652.0,3328.0
9486800,31.838972,-111.404269,9-Southwest,,,,,,,,,,
9487000,32.075634,-111.338716,9-Southwest,,,,,,,,,,
9499000,33.980041,-111.303466,9-Southwest,61.0,93.0,127.0,173.0,209.0,2106.0,3543.0,5101.0,7283.0,8997.0
9330500,38.991056,-111.253886,8-Rocky Mountains,45.0,69.0,95.0,129.0,157.0,1053.0,1611.0,2190.0,2976.0,3581.0
9326500,39.104137,-111.216559,8-Rocky Mountains,107.0,171.0,244.0,352.0,441.0,1007.0,1697.0,2504.0,3729.0,4767.0
9310500,39.774406,-111.191006,11-California and interior west,46.0,69.0,94.0,127.0,153.0,1450.0,2313.0,3272.0,4668.0,5811.0
9310700,39.721629,-111.161283,11-California and interior west,,,,,,,,,,
9486350,32.336185,-111.042043,9-Southwest,,,,,,,,,,
9486055,32.303408,-111.012041,9-Southwest,,,,,,,,,,
9498501,33.418665,-111.009561,9-Southwest,,,,,,,,,,
9498502,33.48783,-110.995394,9-Southwest,,,,,,,,,,
9498500,33.619495,-110.921504,9-Southwest,78.0,116.0,154.0,206.0,246.0,1927.0,3009.0,4144.0,5695.0,6894.0
9485700,32.271464,-110.914535,9-Southwest,,,,,,,,,,
9498400,33.573107,-110.901225,9-Southwest,129.0,221.0,321.0,462.0,573.0,9398.0,19606.0,33878.0,59261.0,83690.0
9497980,33.827826,-110.856227,9-Southwest,82.0,128.0,179.0,253.0,313.0,2663.0,4954.0,7855.0,12582.0,16825.0
9484500,32.265353,-110.841199,9-Southwest,,,,,,,,,,
9484000,32.314722,-110.810917,9-Southwest,,,,,,,,,,
9397500,34.63642,-110.714296,9-Southwest,,,,,,,,,,
9484600,32.035914,-110.677582,9-Southwest,,,,,,,,,,
9473000,32.844233,-110.6301,9-Southwest,,,,,,,,,,
9485000,32.129523,-110.625914,9-Southwest,,,,,,,,,,
9497800,33.843105,-110.557609,9-Southwest,63.0,97.0,133.0,183.0,221.0,1391.0,2198.0,3090.0,4380.0,5429.0
9469500,33.169505,-110.531211,9-Southwest,85.0,156.0,246.0,394.0,529.0,2056.0,3440.0,5044.0,7466.0,9495.0
9497500,33.798106,-110.499829,9-Southwest,56.0,87.0,120.0,166.0,202.0,1556.0,2504.0,3509.0,4894.0,5972.0
9468500,33.296447,-110.451488,9-Southwest,124.0,202.0,292.0,424.0,535.0,1322.0,2170.0,3079.0,4340.0,5324.0
9328500,38.858308,-110.370147,8-Rocky Mountains,52.0,84.0,121.0,178.0,225.0,894.0,1600.0,2468.0,3847.0,5055.0
9314500,39.264444,-110.342778,11-California and interior west,,,,,,,,,,
9496500,33.985881,-110.280942,9-Southwest,52.0,81.0,111.0,152.0,184.0,2314.0,3642.0,5040.0,6951.0,8432.0
9471400,31.700278,-110.226389,9-Southwest,,,,,,,,,,
9490500,33.712829,-110.211767,9-Southwest,50.0,88.0,130.0,191.0,239.0,1528.0,2345.0,3191.0,4338.0,5219.0
9494000,33.736441,-110.166767,9-Southwest,68.0,107.0,149.0,206.0,250.0,1380.0,2485.0,3849.0,6027.0,7945.0
9394500,34.782808,-110.044284,9-Southwest,47.0,81.0,118.0,172.0,214.0,730.0,1156.0,1625.0,2302.0,2849.0
9390500,34.179488,-109.987886,9-Southwest,53.0,81.0,109.0,148.0,179.0,1039.0,1588.0,2157.0,2928.0,3521.0
9492400,33.822272,-109.814541,9-Southwest,176.0,317.0,493.0,776.0,1026.0,984.0,1543.0,2131.0,2932.0,3554.0
9379200,36.943891,-109.710668,9-Southwest,36.0,53.0,70.0,94.0,112.0,557.0,842.0,1147.0,1577.0,1918.0
9447800,32.955618,-109.531188,9-Southwest,116.0,179.0,246.0,337.0,407.0,4765.0,9952.0,17249.0,30303.0,42955.0
9448500,32.868397,-109.511186,9-Southwest,68.0,107.0,148.0,205.0,249.0,1326.0,2142.0,3009.0,4205.0,5137.0
9182400,38.673871,-109.450117,9-Southwest,,,,,,,,,,
9447000,33.064506,-109.442298,9-Southwest,200.0,394.0,657.0,1114.0,1545.0,719.0,1248.0,1881.0,2864.0,3709.0
9386030,34.583646,-109.407047,9-Southwest,169.0,268.0,372.0,515.0,626.0,4330.0,8311.0,12953.0,19723.0,25173.0
9384000,34.314486,-109.362315,9-Southwest,41.0,62.0,85.0,116.0,141.0,830.0,1381.0,2019.0,2977.0,3784.0
9442000,32.965278,-109.308611,9-Southwest,,,,,,,,,,
9444200,33.290895,-109.196183,9-Southwest,,,,,,,,,,
9306500,39.978856,-109.178727,11-California and interior west,,,,,,,,,,
9372000,37.32416,-109.015666,9-Southwest,54.0,97.0,146.0,217.0,273.0,823.0,1348.0,1908.0,2685.0,3291.0
9169500,38.310268,-108.88538,9-Southwest,52.0,84.0,119.0,166.0,204.0,759.0,1345.0,2062.0,3198.0,4194.0
9444000,33.247167,-108.88,9-Southwest,74.0,120.0,170.0,240.0,294.0,2257.0,3747.0,5354.0,7587.0,9340.0
9432000,32.648132,-108.845891,9-Southwest,64.0,97.0,131.0,178.0,214.0,1111.0,1788.0,2508.0,3500.0,4269.0
9171100,38.356934,-108.833435,9-Southwest,40.0,64.0,90.0,127.0,156.0,3004.0,5265.0,8001.0,12289.0,16000.0
9442680,33.736719,-108.771175,9-Southwest,,,,,,,,,,
9386950,35.100278,-108.751667,9-Southwest,91.0,142.0,200.0,283.0,351.0,2374.0,3952.0,5767.0,8478.0,10738.0
9371000,37.027494,-108.741484,9-Southwest,67.0,107.0,152.0,217.0,272.0,1949.0,3405.0,5150.0,7856.0,10188.0
9177000,38.357212,-108.712875,9-Southwest,,,,,,,,,,
9371520,37.32666,-108.700653,9-Southwest,,,,,,,,,,
9431500,32.726944,-108.675556,9-Southwest,184.0,321.0,488.0,750.0,978.0,1058.0,1727.0,2485.0,3606.0,4537.0
9371492,37.312772,-108.661207,9-Southwest,,,,,,,,,,
9430600,33.166667,-108.649722,9-Southwest,120.0,203.0,303.0,458.0,590.0,977.0,1533.0,2116.0,2914.0,3531.0
9386900,35.282553,-108.552975,9-Southwest,50.0,79.0,112.0,160.0,201.0,1194.0,1917.0,2730.0,3920.0,4898.0
9430500,33.061503,-108.537386,9-Southwest,54.0,80.0,107.0,145.0,174.0,1365.0,2137.0,2950.0,4064.0,4928.0
9166500,37.472493,-108.497591,8-Rocky Mountains,59.0,99.0,147.0,221.0,284.0,1154.0,1902.0,2762.0,4045.0,5120.0
9166950,37.446105,-108.469256,8-Rocky Mountains,,,,,,,,,,
9209400,42.192722,-110.163214,8-Rocky Mountains,41.0,66.0,96.0,143.0,182.0,871.0,1394.0,1950.0,2715.0,3311.0
9188500,43.019417,-110.118611,8-Rocky Mountains,54.0,79.0,105.0,140.0,167.0,659.0,1045.0,1472.0,2091.0,2597.0
9205000,42.567166,-109.930151,8-Rocky Mountains,71.0,116.0,168.0,247.0,314.0,736.0,1278.0,1929.0,2942.0,3817.0
9217000,41.516354,-109.449023,8-Rocky Mountains,114.0,179.0,247.0,340.0,413.0,2024.0,3746.0,5704.0,8519.0,10771.0
9234500,40.908293,-109.422914,11-California and interior west,93.0,158.0,234.0,352.0,453.0,1305.0,2109.0,2966.0,4150.0,5075.0
9152500,38.983316,-108.450645,11-California and interior west,439.0,1046.0,2000.0,3889.0,5857.0,7270.0,16895.0,31619.0,60103.0,89291.0
9106150,39.098592,-108.355086,11-California and interior west,,,,,,,,,,
9095500,39.239146,-108.266195,11-California and interior west,69.0,111.0,156.0,218.0,267.0,1101.0,1987.0,2985.0,4412.0,5541.0
9365000,36.723017,-108.225589,8-Rocky Mountains,48.0,79.0,116.0,173.0,222.0,695.0,1015.0,1341.0,1777.0,2108.0
9364500,36.7225,-108.20175,8-Rocky Mountains,57.0,94.0,138.0,206.0,263.0,1287.0,2099.0,3021.0,4382.0,5510.0
9144250,38.753039,-108.078403,8-Rocky Mountains,453.0,1045.0,1953.0,3722.0,5543.0,3170.0,5784.0,8722.0,12905.0,16228.0
9251000,40.502747,-108.033415,11-California and interior west,42.0,67.0,95.0,133.0,163.0,1796.0,3065.0,4559.0,6835.0,8767.0
9355500,36.801889,-107.698639,8-Rocky Mountains,70.0,108.0,148.0,202.0,245.0,2909.0,4536.0,6239.0,8569.0,10374.0
9247600,40.480805,-107.614234,8-Rocky Mountains,,,,,,,,,,
9346400,37.013617,-107.312267,8-Rocky Mountains,54.0,88.0,125.0,176.0,216.0,1017.0,1693.0,2424.0,3442.0,4238.0
9070500,39.644611,-107.078014,8-Rocky Mountains,54.0,96.0,143.0,211.0,265.0,1246.0,2129.0,3168.0,4757.0,6112.0
9312600,39.875793,-111.037388,11-California and interior west,78.0,125.0,175.0,245.0,299.0,2813.0,4595.0,6499.0,9135.0,11186.0
9288000,40.200231,-110.907662,11-California and interior west,,,,,,,,,,
9223000,42.110889,-110.709417,8-Rocky Mountains,70.0,106.0,145.0,198.0,239.0,1891.0,3137.0,4568.0,6713.0,8511.0
9277500,40.30023,-110.602381,11-California and interior west,39.0,58.0,79.0,107.0,128.0,2116.0,3673.0,5533.0,8406.0,10880.0
9217900,40.959028,-110.579722,11-California and interior west,,,,,,,,,,
9279000,40.49328,-110.578217,11-California and interior west,43.0,66.0,91.0,126.0,153.0,946.0,1472.0,2022.0,2773.0,3351.0
9288180,40.154679,-110.554879,11-California and interior west,115.0,204.0,315.0,492.0,648.0,889.0,1398.0,1932.0,2662.0,3227.0
9289500,40.606612,-110.527107,11-California and interior west,44.0,68.0,94.0,130.0,158.0,832.0,1567.0,2513.0,4081.0,5494.0
9291000,40.556336,-110.484606,11-California and interior west,46.0,73.0,102.0,142.0,173.0,863.0,1472.0,2195.0,3312.0,4263.0
9210500,42.095806,-110.416083,8-Rocky Mountains,30.0,46.0,65.0,90.0,109.0,910.0,1480.0,2090.0,2934.0,3592.0
9220000,41.053861,-110.398639,8-Rocky Mountains,,,,,,,,,,
9292500,40.511893,-110.341549,11-California and interior west,186.0,391.0,682.0,1212.0,1727.0,3304.0,5978.0,9281.0,14551.0,19190.0
9292000,40.546337,-110.333771,11-California and interior west,,,,,,,,,,
9296800,40.59134,-110.114323,11-California and interior west,,,,,,,,,,
9295000,40.200238,-110.063761,11-California and interior west,,,,,,,,,,
9211200,42.020972,-110.049806,8-Rocky Mountains,141.0,246.0,374.0,576.0,750.0,1986.0,3398.0,4943.0,7115.0,8826.0
9295100,40.206628,-109.859867,11-California and interior west,,,,,,,,,,
9301500,40.233572,-109.803755,11-California and interior west,,,,,,,,,,
9302000,40.210278,-109.781389,11-California and interior west,71.0,113.0,159.0,228.0,284.0,2085.0,3828.0,6022.0,9591.0,12768.0
9196500,43.027056,-109.773528,8-Rocky Mountains,,,,,,,,,,
9224700,41.546072,-109.693475,8-Rocky Mountains,259.0,574.0,1036.0,1898.0,2757.0,2902.0,5992.0,10247.0,17729.0,24798.0
9229500,41.011,-109.6735,8-Rocky Mountains,,,,,,,,,,
9266500,40.577458,-109.622086,11-California and interior west,142.0,289.0,495.0,858.0,1205.0,1506.0,2638.0,3887.0,5656.0,7050.0
9261700,40.588848,-109.465414,11-California and interior west,59.0,93.0,132.0,189.0,237.0,990.0,1717.0,2586.0,3926.0,5080.0
9306290,40.179693,-108.565377,11-California and interior west,,,,,,,,,,
9260050,40.451634,-108.525101,11-California and interior west,,,,,,,,,,
9174600,38.244157,-108.502034,9-Southwest,,,,,,,,,,
9306242,39.92025,-108.472872,11-California and interior west,131.0,205.0,282.0,387.0,469.0,4956.0,10314.0,17766.0,30949.0,43502.0
9260000,40.549017,-108.424322,11-California and interior west,48.0,73.0,100.0,136.0,164.0,901.0,1460.0,2058.0,2886.0,3530.0
9306255,40.168581,-108.401205,11-California and interior west,,,,,,,,,,
9306200,39.921083,-108.297588,11-California and interior west,40.0,68.0,102.0,157.0,206.0,892.0,1435.0,2046.0,2943.0,3679.0
9105000,39.183611,-108.268333,11-California and interior west,,,,,,,,,,
9306222,40.078026,-108.236475,11-California and interior west,67.0,99.0,133.0,181.0,219.0,1818.0,3125.0,4675.0,7055.0,9082.0
9172500,38.0425,-108.133333,8-Rocky Mountains,41.0,63.0,86.0,121.0,149.0,672.0,1095.0,1575.0,2290.0,2883.0
9304800,40.022583,-108.119944,11-California and interior west,49.0,80.0,114.0,160.0,197.0,705.0,1136.0,1622.0,2340.0,2931.0
9149500,38.741944,-108.080417,8-Rocky Mountains,224.0,523.0,992.0,1923.0,2895.0,1023.0,1689.0,2401.0,3387.0,4156.0
9165000,37.638884,-108.060352,8-Rocky Mountains,,,,,,,,,,
9143500,38.901649,-107.921176,8-Rocky Mountains,,,,,,,,,,
9361500,37.279169,-107.880345,8-Rocky Mountains,35.0,62.0,92.0,134.0,169.0,2277.0,3927.0,5735.0,8279.0,10283.0
9304500,40.033585,-107.862295,11-California and interior west,50.0,86.0,130.0,199.0,260.0,686.0,1101.0,1568.0,2251.0,2811.0
9143000,38.984703,-107.854508,8-Rocky Mountains,,,,,,,,,,
9304200,40.004974,-107.825349,11-California and interior west,51.0,91.0,141.0,223.0,296.0,831.0,1373.0,1995.0,2926.0,3705.0
9147500,38.331431,-107.779225,8-Rocky Mountains,65.0,104.0,144.0,201.0,245.0,2362.0,4026.0,5842.0,8386.0,10392.0
9147000,38.177768,-107.758393,8-Rocky Mountains,51.0,69.0,88.0,112.0,130.0,815.0,1143.0,1470.0,1901.0,2227.0
9146200,38.183879,-107.745892,8-Rocky Mountains,30.0,46.0,64.0,88.0,107.0,678.0,1059.0,1459.0,2007.0,2431.0
9359010,37.802774,-107.672839,8-Rocky Mountains,,,,,,,,,,
9359020,37.790275,-107.667561,8-Rocky Mountains,,,,,,,,,,
9358550,37.819719,-107.663672,8-Rocky Mountains,,,,,,,,,,
9358000,37.811108,-107.659228,8-Rocky Mountains,,,,,,,,,,
9128000,38.529153,-107.648947,8-Rocky Mountains,196.0,314.0,439.0,611.0,745.0,4747.0,7671.0,10785.0,15088.0,18442.0
9354500,37.009448,-107.5995,8-Rocky Mountains,280.0,678.0,1318.0,2611.0,3987.0,1020.0,1675.0,2372.0,3337.0,4088.0
9353800,37.166111,-107.5825,8-Rocky Mountains,,,,,,,,,,
9126000,38.258194,-107.546111,8-Rocky Mountains,65.0,103.0,147.0,213.0,267.0,1280.0,2014.0,2822.0,3991.0,4941.0
9352900,37.477501,-107.543669,8-Rocky Mountains,42.0,64.0,89.0,122.0,148.0,877.0,1437.0,2077.0,3028.0,3822.0
9132500,38.925823,-107.434221,8-Rocky Mountains,49.0,73.0,98.0,133.0,161.0,998.0,1564.0,2186.0,3080.0,3803.0
9349800,37.088338,-107.397826,8-Rocky Mountains,52.0,88.0,131.0,199.0,257.0,796.0,1312.0,1868.0,2640.0,3245.0
9255000,40.982466,-107.382839,8-Rocky Mountains,34.0,51.0,70.0,95.0,115.0,882.0,1336.0,1806.0,2443.0,2933.0
9085100,39.554982,-107.337554,8-Rocky Mountains,39.0,58.0,80.0,110.0,135.0,1145.0,1958.0,2922.0,4406.0,5679.0
9085000,39.543593,-107.329498,8-Rocky Mountains,62.0,97.0,135.0,187.0,227.0,1969.0,3367.0,5022.0,7572.0,9745.0
9246200,40.591639,-107.320893,8-Rocky Mountains,,,,,,,,,,
9124500,38.298883,-107.230056,8-Rocky Mountains,202.0,474.0,901.0,1747.0,2633.0,969.0,1531.0,2119.0,2923.0,3544.0
9081600,39.232639,-107.2275,8-Rocky Mountains,34.0,50.0,68.0,93.0,113.0,706.0,1181.0,1734.0,2570.0,3272.0
9253000,40.99941,-107.143388,8-Rocky Mountains,52.0,81.0,112.0,154.0,187.0,1597.0,2634.0,3818.0,5575.0,7039.0
9081000,39.373317,-107.083937,8-Rocky Mountains,,,,,,,,,,
9342500,37.265528,-107.011,8-Rocky Mountains,34.0,53.0,76.0,111.0,140.0,725.0,1130.0,1575.0,2214.0,2729.0
9242500,40.514697,-106.953941,8-Rocky Mountains,,,,,,,,,,
9070000,39.64943,-106.953655,8-Rocky Mountains,37.0,62.0,91.0,137.0,177.0,1121.0,1770.0,2489.0,3531.0,4382.0
9114500,38.541936,-106.949766,8-Rocky Mountains,33.0,51.0,70.0,96.0,117.0,1890.0,3359.0,5150.0,7978.0,10439.0
9119000,38.521111,-106.940958,8-Rocky Mountains,51.0,82.0,117.0,170.0,214.0,1199.0,2072.0,3112.0,4719.0,6091.0
9113980,38.58777,-106.931432,8-Rocky Mountains,,,,,,,,,,
9237450,40.264261,-106.891767,8-Rocky Mountains,,,,,,,,,,
9112200,38.78416,-106.870874,8-Rocky Mountains,,,,,,,,,,
9112500,38.664437,-106.848095,8-Rocky Mountains,145.0,323.0,592.0,1104.0,1620.0,657.0,1119.0,1661.0,2486.0,3188.0
9239500,40.482986,-106.832431,8-Rocky Mountains,46.0,70.0,94.0,127.0,153.0,834.0,1288.0,1761.0,2405.0,2902.0
9237500,40.286544,-106.829056,8-Rocky Mountains,,,,,,,,,,
9073400,39.179988,-106.801983,8-Rocky Mountains,42.0,60.0,79.0,105.0,125.0,940.0,1519.0,2173.0,3137.0,3935.0
9074000,39.20582,-106.797538,8-Rocky Mountains,,,,,,,,,,
9238900,40.474978,-106.786993,8-Rocky Mountains,,,,,,,,,,
9073300,39.1411,-106.774204,8-Rocky Mountains,47.0,77.0,110.0,156.0,193.0,2163.0,3485.0,4888.0,6822.0,8323.0
9118450,38.337222,-106.773611,8-Rocky Mountains,63.0,103.0,147.0,208.0,256.0,889.0,1522.0,2267.0,3408.0,4376.0
9067200,39.647486,-106.6092,8-Rocky Mountains,,,,,,,,,,
9109000,38.818327,-106.609198,8-Rocky Mountains,145.0,249.0,375.0,570.0,739.0,3305.0,5305.0,7429.0,10355.0,12632.0
9059500,39.795722,-106.574347,8-Rocky Mountains,108.0,231.0,410.0,739.0,1063.0,733.0,1247.0,1849.0,2767.0,3546.0
9107000,38.860271,-106.566697,8-Rocky Mountains,,,,,,,,,,
9067020,39.634861,-106.531944,8-Rocky Mountains,,,,,,,,,,
9067000,39.629708,-106.52281,8-Rocky Mountains,39.0,63.0,89.0,125.0,154.0,743.0,1209.0,1737.0,2518.0,3164.0
9066510,39.60943,-106.447808,8-Rocky Mountains,,,,,,,,,,
9058000,40.036652,-106.440032,8-Rocky Mountains,71.0,113.0,160.0,229.0,286.0,900.0,1435.0,2030.0,2896.0,3605.0
9064000,39.405543,-106.433362,8-Rocky Mountains,51.0,81.0,113.0,157.0,191.0,734.0,1170.0,1655.0,2361.0,2940.0
9058500,39.708042,-106.426697,8-Rocky Mountains,,,,,,,,,,
9115500,38.395028,-106.422625,8-Rocky Mountains,,,,,,,,,,
9041090,40.202484,-106.422534,8-Rocky Mountains,,,,,,,,,,
9041400,40.108596,-106.413921,8-Rocky Mountains,,,,,,,,,,
9065100,39.568292,-106.412431,8-Rocky Mountains,33.0,49.0,66.0,90.0,109.0,758.0,1228.0,1759.0,2543.0,3192.0
9064600,39.553875,-106.402529,8-Rocky Mountains,,,,,,,,,,
9066325,39.641097,-106.394751,8-Rocky Mountains,,,,,,,,,,
9063000,39.508319,-106.366695,8-Rocky Mountains,33.0,69.0,122.0,225.0,329.0,1156.0,1998.0,3003.0,4554.0,5884.0
9057500,39.880264,-106.333917,8-Rocky Mountains,52.0,77.0,105.0,144.0,175.0,791.0,1295.0,1871.0,2730.0,3447.0
9065500,39.625819,-106.278082,8-Rocky Mountains,46.0,71.0,98.0,136.0,165.0,897.0,1292.0,1694.0,2235.0,2651.0
9066000,39.596375,-106.265026,8-Rocky Mountains,42.0,61.0,81.0,108.0,128.0,868.0,1338.0,1828.0,2495.0,3009.0
9038500,40.035928,-106.205014,8-Rocky Mountains,55.0,82.0,110.0,148.0,177.0,1011.0,1700.0,2449.0,3499.0,4325.0
9037500,40.0002,-106.180367,8-Rocky Mountains,65.0,104.0,147.0,207.0,253.0,819.0,1433.0,2175.0,3336.0,4335.0
9050700,39.625542,-106.066408,8-Rocky Mountains,68.0,100.0,133.0,176.0,210.0,1094.0,1919.0,2926.0,4522.0,5924.0
9036000,39.833875,-106.056408,8-Rocky Mountains,47.0,73.0,100.0,138.0,167.0,2736.0,5023.0,7896.0,12548.0,16701.0
9046600,39.566653,-106.049463,8-Rocky Mountains,55.0,84.0,117.0,164.0,202.0,1057.0,1662.0,2298.0,3167.0,3839.0
9046490,39.455821,-106.031685,8-Rocky Mountains,,,,,,,,,,
9035900,39.79582,-106.030573,8-Rocky Mountains,50.0,77.0,105.0,144.0,174.0,970.0,1522.0,2103.0,2898.0,3515.0
9035700,39.797194,-106.025639,8-Rocky Mountains,43.0,65.0,89.0,121.0,146.0,864.0,1442.0,2110.0,3113.0,3953.0
9034250,40.108319,-106.004185,8-Rocky Mountains,62.0,105.0,158.0,240.0,311.0,656.0,1026.0,1430.0,2009.0,2475.0
9047500,39.605361,-105.943131,8-Rocky Mountains,,,,,,,,,,
9035500,39.778875,-105.928347,8-Rocky Mountains,49.0,82.0,118.0,169.0,209.0,819.0,1281.0,1764.0,2425.0,2935.0
9026500,39.909987,-105.878345,8-Rocky Mountains,46.0,78.0,117.0,179.0,232.0,730.0,1207.0,1756.0,2576.0,3260.0
9025000,39.920265,-105.785286,8-Rocky Mountains,109.0,196.0,306.0,484.0,642.0,1177.0,1961.0,2805.0,3984.0,4907.0
9024000,39.899987,-105.776674,8-Rocky Mountains,61.0,100.0,144.0,213.0,270.0,875.0,1419.0,2033.0,2936.0,3682.0
9022000,39.84582,-105.751951,8-Rocky Mountains,,,,,,,,,,
